data_category,f1 score mean,f1 score std dev
lab-manual-combine,0.4253701040464035,0.002467517920723261
lab-manual-sp,0.5097593911932554,0.018559695243775133
lab-manual-mm,0.3214306866164925,0.006005273098598473
lab-manual-pc,0.3034688057342641,0.025330444846810334
lab-manual-mm-split,0.3867626626315217,0.01915846291906027
lab-manual-pc-split,0.43566387397894907,0.027132816907132155
lab-manual-sp-split,0.5014602206706056,0.03962748289447852
lab-manual-split-combine,0.43041579764982635,0.019780381806621034
